declaration_id,scenario_id,module_id,applicability_status,rationale,source_status,source_reference,retrieval_date,notes
decl_scn_reference_minimum_intervention_a1_a3,scn_reference_minimum_intervention,A1-A3,NOT_APPLICABLE,Reference scenario has no current intervention at t=0; current-intervention A-stage modules are not applicable.,ASSESSMENT_SCOPE_DECLARATION,v3 bounded research release scope,2026-09-28,
decl_scn_reference_minimum_intervention_a4,scn_reference_minimum_intervention,A4,NOT_APPLICABLE,Reference scenario has no current intervention at t=0; current-intervention A-stage modules are not applicable.,ASSESSMENT_SCOPE_DECLARATION,v3 bounded research release scope,2026-09-28,
decl_scn_reference_minimum_intervention_a5_1,scn_reference_minimum_intervention,A5.1,NOT_APPLICABLE,Reference scenario has no current intervention at t=0; current-intervention A-stage modules are not applicable.,ASSESSMENT_SCOPE_DECLARATION,v3 bounded research release scope,2026-09-28,
decl_scn_reference_minimum_intervention_a5_2,scn_reference_minimum_intervention,A5.2,NOT_APPLICABLE,Reference scenario has no current intervention at t=0; current-intervention A-stage modules are not applicable.,ASSESSMENT_SCOPE_DECLARATION,v3 bounded research release scope,2026-09-28,
decl_scn_reference_minimum_intervention_a5_3,scn_reference_minimum_intervention,A5.3,NOT_APPLICABLE,Reference scenario has no current intervention at t=0; current-intervention A-stage modules are not applicable.,ASSESSMENT_SCOPE_DECLARATION,v3 bounded research release scope,2026-09-28,
decl_scn_reference_minimum_intervention_b1,scn_reference_minimum_intervention,B1,DEFERRED_NOT_ASSESSED,Explicitly deferred outside the bounded research-release scope; no zero impact is implied.,ASSESSMENT_SCOPE_DECLARATION,v3 bounded research release scope,2026-09-28,
decl_scn_reference_minimum_intervention_b2,scn_reference_minimum_intervention,B2,DEFERRED_NOT_ASSESSED,Explicitly deferred outside the bounded research-release scope; no zero impact is implied.,ASSESSMENT_SCOPE_DECLARATION,v3 bounded research release scope,2026-09-28,
decl_scn_reference_minimum_intervention_b3,scn_reference_minimum_intervention,B3,DEFERRED_NOT_ASSESSED,Explicitly deferred outside the bounded research-release scope; no zero impact is implied.,ASSESSMENT_SCOPE_DECLARATION,v3 bounded research release scope,2026-09-28,
decl_scn_reference_minimum_intervention_b4,scn_reference_minimum_intervention,B4,REQUIRED,Required for the selected lifecycle-carbon assessment architecture when source-backed inventory is available.,ASSESSMENT_SCOPE_DECLARATION,v3 bounded research release scope,2026-09-28,
decl_scn_reference_minimum_intervention_b5,scn_reference_minimum_intervention,B5,DEFERRED_NOT_ASSESSED,Explicitly deferred outside the bounded research-release scope; no zero impact is implied.,ASSESSMENT_SCOPE_DECLARATION,v3 bounded research release scope,2026-09-28,
decl_scn_reference_minimum_intervention_b6,scn_reference_minimum_intervention,B6,REQUIRED,Required for the selected lifecycle-carbon assessment architecture when source-backed inventory is available.,ASSESSMENT_SCOPE_DECLARATION,v3 bounded research release scope,2026-09-28,
decl_scn_reference_minimum_intervention_b7,scn_reference_minimum_intervention,B7,DEFERRED_NOT_ASSESSED,Explicitly deferred outside the bounded research-release scope; no zero impact is implied.,ASSESSMENT_SCOPE_DECLARATION,v3 bounded research release scope,2026-09-28,
decl_scn_reference_minimum_intervention_b8,scn_reference_minimum_intervention,B8,DEFERRED_NOT_ASSESSED,Explicitly deferred outside the bounded research-release scope; no zero impact is implied.,ASSESSMENT_SCOPE_DECLARATION,v3 bounded research release scope,2026-09-28,
decl_scn_reference_minimum_intervention_c1,scn_reference_minimum_intervention,C1,REQUIRED,Required for the selected lifecycle-carbon assessment architecture when source-backed inventory is available.,ASSESSMENT_SCOPE_DECLARATION,v3 bounded research release scope,2026-09-28,
decl_scn_reference_minimum_intervention_c2,scn_reference_minimum_intervention,C2,REQUIRED,Required for the selected lifecycle-carbon assessment architecture when source-backed inventory is available.,ASSESSMENT_SCOPE_DECLARATION,v3 bounded research release scope,2026-09-28,
decl_scn_reference_minimum_intervention_c3,scn_reference_minimum_intervention,C3,REQUIRED,Required for the selected lifecycle-carbon assessment architecture when source-backed inventory is available.,ASSESSMENT_SCOPE_DECLARATION,v3 bounded research release scope,2026-09-28,
decl_scn_reference_minimum_intervention_c4,scn_reference_minimum_intervention,C4,REQUIRED,Required for the selected lifecycle-carbon assessment architecture when source-backed inventory is available.,ASSESSMENT_SCOPE_DECLARATION,v3 bounded research release scope,2026-09-28,
decl_scn_reference_minimum_intervention_d1,scn_reference_minimum_intervention,D1,OPTIONAL_SEPARATE,Module D is reported separately beyond the system boundary and is never netted into A-C.,ASSESSMENT_SCOPE_DECLARATION,v3 bounded research release scope,2026-09-28,
decl_scn_reference_minimum_intervention_d2,scn_reference_minimum_intervention,D2,OPTIONAL_SEPARATE,Module D is reported separately beyond the system boundary and is never netted into A-C.,ASSESSMENT_SCOPE_DECLARATION,v3 bounded research release scope,2026-09-28,
decl_scn_envelope_retrofit_a1_a3,scn_envelope_retrofit,A1-A3,REQUIRED,Required for the selected lifecycle-carbon assessment architecture when source-backed inventory is available.,ASSESSMENT_SCOPE_DECLARATION,v3 bounded research release scope,2026-09-28,
decl_scn_envelope_retrofit_a4,scn_envelope_retrofit,A4,REQUIRED,Required for the selected lifecycle-carbon assessment architecture when source-backed inventory is available.,ASSESSMENT_SCOPE_DECLARATION,v3 bounded research release scope,2026-09-28,
decl_scn_envelope_retrofit_a5_1,scn_envelope_retrofit,A5.1,REQUIRED,Required for the selected lifecycle-carbon assessment architecture when source-backed inventory is available.,ASSESSMENT_SCOPE_DECLARATION,v3 bounded research release scope,2026-09-28,
decl_scn_envelope_retrofit_a5_2,scn_envelope_retrofit,A5.2,REQUIRED,Required for the selected lifecycle-carbon assessment architecture when source-backed inventory is available.,ASSESSMENT_SCOPE_DECLARATION,v3 bounded research release scope,2026-09-28,
decl_scn_envelope_retrofit_a5_3,scn_envelope_retrofit,A5.3,REQUIRED,Required for the selected lifecycle-carbon assessment architecture when source-backed inventory is available.,ASSESSMENT_SCOPE_DECLARATION,v3 bounded research release scope,2026-09-28,
decl_scn_envelope_retrofit_b1,scn_envelope_retrofit,B1,DEFERRED_NOT_ASSESSED,Explicitly deferred outside the bounded research-release scope; no zero impact is implied.,ASSESSMENT_SCOPE_DECLARATION,v3 bounded research release scope,2026-09-28,
decl_scn_envelope_retrofit_b2,scn_envelope_retrofit,B2,DEFERRED_NOT_ASSESSED,Explicitly deferred outside the bounded research-release scope; no zero impact is implied.,ASSESSMENT_SCOPE_DECLARATION,v3 bounded research release scope,2026-09-28,
decl_scn_envelope_retrofit_b3,scn_envelope_retrofit,B3,DEFERRED_NOT_ASSESSED,Explicitly deferred outside the bounded research-release scope; no zero impact is implied.,ASSESSMENT_SCOPE_DECLARATION,v3 bounded research release scope,2026-09-28,
decl_scn_envelope_retrofit_b4,scn_envelope_retrofit,B4,REQUIRED,Required for the selected lifecycle-carbon assessment architecture when source-backed inventory is available.,ASSESSMENT_SCOPE_DECLARATION,v3 bounded research release scope,2026-09-28,
decl_scn_envelope_retrofit_b5,scn_envelope_retrofit,B5,DEFERRED_NOT_ASSESSED,Explicitly deferred outside the bounded research-release scope; no zero impact is implied.,ASSESSMENT_SCOPE_DECLARATION,v3 bounded research release scope,2026-09-28,
decl_scn_envelope_retrofit_b6,scn_envelope_retrofit,B6,REQUIRED,Required for the selected lifecycle-carbon assessment architecture when source-backed inventory is available.,ASSESSMENT_SCOPE_DECLARATION,v3 bounded research release scope,2026-09-28,
decl_scn_envelope_retrofit_b7,scn_envelope_retrofit,B7,DEFERRED_NOT_ASSESSED,Explicitly deferred outside the bounded research-release scope; no zero impact is implied.,ASSESSMENT_SCOPE_DECLARATION,v3 bounded research release scope,2026-09-28,
decl_scn_envelope_retrofit_b8,scn_envelope_retrofit,B8,DEFERRED_NOT_ASSESSED,Explicitly deferred outside the bounded research-release scope; no zero impact is implied.,ASSESSMENT_SCOPE_DECLARATION,v3 bounded research release scope,2026-09-28,
decl_scn_envelope_retrofit_c1,scn_envelope_retrofit,C1,REQUIRED,Required for the selected lifecycle-carbon assessment architecture when source-backed inventory is available.,ASSESSMENT_SCOPE_DECLARATION,v3 bounded research release scope,2026-09-28,
decl_scn_envelope_retrofit_c2,scn_envelope_retrofit,C2,REQUIRED,Required for the selected lifecycle-carbon assessment architecture when source-backed inventory is available.,ASSESSMENT_SCOPE_DECLARATION,v3 bounded research release scope,2026-09-28,
decl_scn_envelope_retrofit_c3,scn_envelope_retrofit,C3,REQUIRED,Required for the selected lifecycle-carbon assessment architecture when source-backed inventory is available.,ASSESSMENT_SCOPE_DECLARATION,v3 bounded research release scope,2026-09-28,
decl_scn_envelope_retrofit_c4,scn_envelope_retrofit,C4,REQUIRED,Required for the selected lifecycle-carbon assessment architecture when source-backed inventory is available.,ASSESSMENT_SCOPE_DECLARATION,v3 bounded research release scope,2026-09-28,
decl_scn_envelope_retrofit_d1,scn_envelope_retrofit,D1,OPTIONAL_SEPARATE,Module D is reported separately beyond the system boundary and is never netted into A-C.,ASSESSMENT_SCOPE_DECLARATION,v3 bounded research release scope,2026-09-28,
decl_scn_envelope_retrofit_d2,scn_envelope_retrofit,D2,OPTIONAL_SEPARATE,Module D is reported separately beyond the system boundary and is never netted into A-C.,ASSESSMENT_SCOPE_DECLARATION,v3 bounded research release scope,2026-09-28,
decl_scn_envelope_heat_pump_a1_a3,scn_envelope_heat_pump,A1-A3,REQUIRED,Required for the selected lifecycle-carbon assessment architecture when source-backed inventory is available.,ASSESSMENT_SCOPE_DECLARATION,v3 bounded research release scope,2026-09-28,
decl_scn_envelope_heat_pump_a4,scn_envelope_heat_pump,A4,REQUIRED,Required for the selected lifecycle-carbon assessment architecture when source-backed inventory is available.,ASSESSMENT_SCOPE_DECLARATION,v3 bounded research release scope,2026-09-28,
decl_scn_envelope_heat_pump_a5_1,scn_envelope_heat_pump,A5.1,REQUIRED,Required for the selected lifecycle-carbon assessment architecture when source-backed inventory is available.,ASSESSMENT_SCOPE_DECLARATION,v3 bounded research release scope,2026-09-28,
decl_scn_envelope_heat_pump_a5_2,scn_envelope_heat_pump,A5.2,REQUIRED,Required for the selected lifecycle-carbon assessment architecture when source-backed inventory is available.,ASSESSMENT_SCOPE_DECLARATION,v3 bounded research release scope,2026-09-28,
decl_scn_envelope_heat_pump_a5_3,scn_envelope_heat_pump,A5.3,REQUIRED,Required for the selected lifecycle-carbon assessment architecture when source-backed inventory is available.,ASSESSMENT_SCOPE_DECLARATION,v3 bounded research release scope,2026-09-28,
decl_scn_envelope_heat_pump_b1,scn_envelope_heat_pump,B1,DEFERRED_NOT_ASSESSED,Explicitly deferred outside the bounded research-release scope; no zero impact is implied.,ASSESSMENT_SCOPE_DECLARATION,v3 bounded research release scope,2026-09-28,
decl_scn_envelope_heat_pump_b2,scn_envelope_heat_pump,B2,DEFERRED_NOT_ASSESSED,Explicitly deferred outside the bounded research-release scope; no zero impact is implied.,ASSESSMENT_SCOPE_DECLARATION,v3 bounded research release scope,2026-09-28,
decl_scn_envelope_heat_pump_b3,scn_envelope_heat_pump,B3,DEFERRED_NOT_ASSESSED,Explicitly deferred outside the bounded research-release scope; no zero impact is implied.,ASSESSMENT_SCOPE_DECLARATION,v3 bounded research release scope,2026-09-28,
decl_scn_envelope_heat_pump_b4,scn_envelope_heat_pump,B4,REQUIRED,Required for the selected lifecycle-carbon assessment architecture when source-backed inventory is available.,ASSESSMENT_SCOPE_DECLARATION,v3 bounded research release scope,2026-09-28,
decl_scn_envelope_heat_pump_b5,scn_envelope_heat_pump,B5,DEFERRED_NOT_ASSESSED,Explicitly deferred outside the bounded research-release scope; no zero impact is implied.,ASSESSMENT_SCOPE_DECLARATION,v3 bounded research release scope,2026-09-28,
decl_scn_envelope_heat_pump_b6,scn_envelope_heat_pump,B6,REQUIRED,Required for the selected lifecycle-carbon assessment architecture when source-backed inventory is available.,ASSESSMENT_SCOPE_DECLARATION,v3 bounded research release scope,2026-09-28,
decl_scn_envelope_heat_pump_b7,scn_envelope_heat_pump,B7,DEFERRED_NOT_ASSESSED,Explicitly deferred outside the bounded research-release scope; no zero impact is implied.,ASSESSMENT_SCOPE_DECLARATION,v3 bounded research release scope,2026-09-28,
decl_scn_envelope_heat_pump_b8,scn_envelope_heat_pump,B8,DEFERRED_NOT_ASSESSED,Explicitly deferred outside the bounded research-release scope; no zero impact is implied.,ASSESSMENT_SCOPE_DECLARATION,v3 bounded research release scope,2026-09-28,
decl_scn_envelope_heat_pump_c1,scn_envelope_heat_pump,C1,REQUIRED,Required for the selected lifecycle-carbon assessment architecture when source-backed inventory is available.,ASSESSMENT_SCOPE_DECLARATION,v3 bounded research release scope,2026-09-28,
decl_scn_envelope_heat_pump_c2,scn_envelope_heat_pump,C2,REQUIRED,Required for the selected lifecycle-carbon assessment architecture when source-backed inventory is available.,ASSESSMENT_SCOPE_DECLARATION,v3 bounded research release scope,2026-09-28,
decl_scn_envelope_heat_pump_c3,scn_envelope_heat_pump,C3,REQUIRED,Required for the selected lifecycle-carbon assessment architecture when source-backed inventory is available.,ASSESSMENT_SCOPE_DECLARATION,v3 bounded research release scope,2026-09-28,
decl_scn_envelope_heat_pump_c4,scn_envelope_heat_pump,C4,REQUIRED,Required for the selected lifecycle-carbon assessment architecture when source-backed inventory is available.,ASSESSMENT_SCOPE_DECLARATION,v3 bounded research release scope,2026-09-28,
decl_scn_envelope_heat_pump_d1,scn_envelope_heat_pump,D1,OPTIONAL_SEPARATE,Module D is reported separately beyond the system boundary and is never netted into A-C.,ASSESSMENT_SCOPE_DECLARATION,v3 bounded research release scope,2026-09-28,
decl_scn_envelope_heat_pump_d2,scn_envelope_heat_pump,D2,OPTIONAL_SEPARATE,Module D is reported separately beyond the system boundary and is never netted into A-C.,ASSESSMENT_SCOPE_DECLARATION,v3 bounded research release scope,2026-09-28,
decl_scn_deep_renovation_pv_a1_a3,scn_deep_renovation_pv,A1-A3,REQUIRED,Required for the selected lifecycle-carbon assessment architecture when source-backed inventory is available.,ASSESSMENT_SCOPE_DECLARATION,v3 bounded research release scope,2026-09-28,
decl_scn_deep_renovation_pv_a4,scn_deep_renovation_pv,A4,REQUIRED,Required for the selected lifecycle-carbon assessment architecture when source-backed inventory is available.,ASSESSMENT_SCOPE_DECLARATION,v3 bounded research release scope,2026-09-28,
decl_scn_deep_renovation_pv_a5_1,scn_deep_renovation_pv,A5.1,REQUIRED,Required for the selected lifecycle-carbon assessment architecture when source-backed inventory is available.,ASSESSMENT_SCOPE_DECLARATION,v3 bounded research release scope,2026-09-28,
decl_scn_deep_renovation_pv_a5_2,scn_deep_renovation_pv,A5.2,REQUIRED,Required for the selected lifecycle-carbon assessment architecture when source-backed inventory is available.,ASSESSMENT_SCOPE_DECLARATION,v3 bounded research release scope,2026-09-28,
decl_scn_deep_renovation_pv_a5_3,scn_deep_renovation_pv,A5.3,REQUIRED,Required for the selected lifecycle-carbon assessment architecture when source-backed inventory is available.,ASSESSMENT_SCOPE_DECLARATION,v3 bounded research release scope,2026-09-28,
decl_scn_deep_renovation_pv_b1,scn_deep_renovation_pv,B1,DEFERRED_NOT_ASSESSED,Explicitly deferred outside the bounded research-release scope; no zero impact is implied.,ASSESSMENT_SCOPE_DECLARATION,v3 bounded research release scope,2026-09-28,
decl_scn_deep_renovation_pv_b2,scn_deep_renovation_pv,B2,DEFERRED_NOT_ASSESSED,Explicitly deferred outside the bounded research-release scope; no zero impact is implied.,ASSESSMENT_SCOPE_DECLARATION,v3 bounded research release scope,2026-09-28,
decl_scn_deep_renovation_pv_b3,scn_deep_renovation_pv,B3,DEFERRED_NOT_ASSESSED,Explicitly deferred outside the bounded research-release scope; no zero impact is implied.,ASSESSMENT_SCOPE_DECLARATION,v3 bounded research release scope,2026-09-28,
decl_scn_deep_renovation_pv_b4,scn_deep_renovation_pv,B4,REQUIRED,Required for the selected lifecycle-carbon assessment architecture when source-backed inventory is available.,ASSESSMENT_SCOPE_DECLARATION,v3 bounded research release scope,2026-09-28,
decl_scn_deep_renovation_pv_b5,scn_deep_renovation_pv,B5,DEFERRED_NOT_ASSESSED,Explicitly deferred outside the bounded research-release scope; no zero impact is implied.,ASSESSMENT_SCOPE_DECLARATION,v3 bounded research release scope,2026-09-28,
decl_scn_deep_renovation_pv_b6,scn_deep_renovation_pv,B6,REQUIRED,Required for the selected lifecycle-carbon assessment architecture when source-backed inventory is available.,ASSESSMENT_SCOPE_DECLARATION,v3 bounded research release scope,2026-09-28,
decl_scn_deep_renovation_pv_b7,scn_deep_renovation_pv,B7,DEFERRED_NOT_ASSESSED,Explicitly deferred outside the bounded research-release scope; no zero impact is implied.,ASSESSMENT_SCOPE_DECLARATION,v3 bounded research release scope,2026-09-28,
decl_scn_deep_renovation_pv_b8,scn_deep_renovation_pv,B8,DEFERRED_NOT_ASSESSED,Explicitly deferred outside the bounded research-release scope; no zero impact is implied.,ASSESSMENT_SCOPE_DECLARATION,v3 bounded research release scope,2026-09-28,
decl_scn_deep_renovation_pv_c1,scn_deep_renovation_pv,C1,REQUIRED,Required for the selected lifecycle-carbon assessment architecture when source-backed inventory is available.,ASSESSMENT_SCOPE_DECLARATION,v3 bounded research release scope,2026-09-28,
decl_scn_deep_renovation_pv_c2,scn_deep_renovation_pv,C2,REQUIRED,Required for the selected lifecycle-carbon assessment architecture when source-backed inventory is available.,ASSESSMENT_SCOPE_DECLARATION,v3 bounded research release scope,2026-09-28,
decl_scn_deep_renovation_pv_c3,scn_deep_renovation_pv,C3,REQUIRED,Required for the selected lifecycle-carbon assessment architecture when source-backed inventory is available.,ASSESSMENT_SCOPE_DECLARATION,v3 bounded research release scope,2026-09-28,
decl_scn_deep_renovation_pv_c4,scn_deep_renovation_pv,C4,REQUIRED,Required for the selected lifecycle-carbon assessment architecture when source-backed inventory is available.,ASSESSMENT_SCOPE_DECLARATION,v3 bounded research release scope,2026-09-28,
decl_scn_deep_renovation_pv_d1,scn_deep_renovation_pv,D1,OPTIONAL_SEPARATE,Module D is reported separately beyond the system boundary and is never netted into A-C.,ASSESSMENT_SCOPE_DECLARATION,v3 bounded research release scope,2026-09-28,
decl_scn_deep_renovation_pv_d2,scn_deep_renovation_pv,D2,OPTIONAL_SEPARATE,Module D is reported separately beyond the system boundary and is never netted into A-C.,ASSESSMENT_SCOPE_DECLARATION,v3 bounded research release scope,2026-09-28,
