scenario_id,component_instance_id,comparison_lineage_id,component_type_id,scenario,component,uncertainty_key,initial_cost_eur,lifetime_distribution,minimum_lifetime_years,most_likely_lifetime_years,maximum_lifetime_years,replacement_cost_factor,maintenance_cost_eur
scn_envelope_retrofit,ci_envelope_retrofit_insulation,lineage_insulation,ctype_insulation,Envelope retrofit,Insulation,insulation,200000,triangular,30,40,50,0.7,1200
scn_envelope_retrofit,ci_envelope_retrofit_windows,lineage_windows,ctype_windows,Envelope retrofit,Windows,windows,140000,triangular,20,30,40,0.85,1600
scn_envelope_retrofit,ci_envelope_retrofit_facade_finish,lineage_facade_finish,ctype_facade_finish,Envelope retrofit,Facade finish,facade,60000,triangular,15,22,30,1.0,700
scn_envelope_heat_pump,ci_envelope_heat_pump_insulation,lineage_insulation,ctype_insulation,Envelope + heat pump,Insulation,insulation,200000,triangular,30,40,50,0.7,1000
scn_envelope_heat_pump,ci_envelope_heat_pump_windows,lineage_windows,ctype_windows,Envelope + heat pump,Windows,windows,140000,triangular,20,30,40,0.85,1500
scn_envelope_heat_pump,ci_envelope_heat_pump_facade_finish,lineage_facade_finish,ctype_facade_finish,Envelope + heat pump,Facade finish,facade,60000,triangular,15,22,30,1.0,500
scn_envelope_heat_pump,ci_envelope_heat_pump_heat_pump,lineage_heat_pump,ctype_heat_pump,Envelope + heat pump,Heat pump,heat_pump,400000,triangular,12,18,25,0.8,4500
scn_deep_renovation_pv,ci_deep_renovation_pv_insulation,lineage_insulation,ctype_insulation,Deep renovation + PV,Insulation,insulation,500000,triangular,30,40,50,0.7,1500
scn_deep_renovation_pv,ci_deep_renovation_pv_windows,lineage_windows,ctype_windows,Deep renovation + PV,Windows,windows,300000,triangular,20,30,40,0.85,2200
scn_deep_renovation_pv,ci_deep_renovation_pv_facade_finish,lineage_facade_finish,ctype_facade_finish,Deep renovation + PV,Facade finish,facade,200000,triangular,15,22,30,1.0,800
scn_deep_renovation_pv,ci_deep_renovation_pv_heat_pump,lineage_heat_pump,ctype_heat_pump,Deep renovation + PV,Heat pump,heat_pump,450000,triangular,12,18,25,0.8,4500
scn_deep_renovation_pv,ci_deep_renovation_pv_pv_modules,lineage_pv_modules,ctype_pv_modules,Deep renovation + PV,PV modules,pv_modules,280000,triangular,20,25,35,0.7,2500
scn_deep_renovation_pv,ci_deep_renovation_pv_inverter,lineage_inverter,ctype_inverter,Deep renovation + PV,Inverter,inverter,70000,triangular,10,12,15,0.9,1000
