sample_size,perspective,scenario,independent_seeds,first_preference_rank_count,preference_rank_min,preference_rank_max,mean_net_benefit_eur_mean,mean_net_benefit_eur_min,mean_net_benefit_eur_max,mean_net_benefit_eur_std,probability_positive_mean,probability_positive_min,probability_positive_max,probability_positive_std,p10_net_benefit_eur_mean,p10_net_benefit_eur_min,p10_net_benefit_eur_max,p10_net_benefit_eur_std,worst_decile_mean_eur_mean,worst_decile_mean_eur_min,worst_decile_mean_eur_max,worst_decile_mean_eur_std,p95_regret_eur_mean,p95_regret_eur_min,p95_regret_eur_max,p95_regret_eur_std
1000,combined_private,Deep renovation + PV,5,0,4,4,-667936.9017235879,-674577.4085912238,-664622.1129574517,4274.484127092588,0.1192,0.112,0.127,0.0053572380943915495,-1371218.7543482285,-1394881.5597158475,-1347572.855776166,19580.496521981757,-1616486.3073449512,-1638918.3203235161,-1580447.2413242015,23461.564908411976,1553867.103660008,1505959.8499359712,1588757.2113732735,32979.80253630888
1000,combined_private,Envelope + heat pump,5,0,3,3,-88093.53947615772,-94843.05173650454,-84868.9171862266,4068.8025126969947,0.3516,0.332,0.363,0.012601587201618681,-468651.4283507473,-482185.45006905,-452463.0635066279,14051.762489777213,-589224.5521494376,-601818.3109019086,-573268.3583416879,11609.140830614711,557593.7619761813,534468.4613894426,574441.1071198035,15502.615262300653
1000,combined_private,Envelope retrofit,5,5,1,1,30371.527642306442,26744.35985365562,32445.99159758508,2244.241285238757,0.5384,0.525,0.557,0.01272006289292629,-155698.785576538,-161116.28996838772,-151273.70897970235,4144.459931084262,-212362.75371077174,-219937.29942545126,-203127.63587404718,6601.606292862848,249910.46231084567,239895.09766678247,260296.10398028756,7412.370822369354
1000,combined_private,Reference: no additional intervention,5,0,2,2,0.0,0.0,0.0,0.0,0.0,0.0,0.0,0.0,0.0,0.0,0.0,0.0,0.0,0.0,0.0,0.0,493381.7988329263,457252.0255137147,531107.0499928582,28606.790888308788
1000,owner,Deep renovation + PV,5,0,3,3,-2005540.9147082914,-2023060.9669069005,-1993263.8349251305,12492.27291635277,0.0,0.0,0.0,0.0,-2468262.679395949,-2498426.3242098754,-2434159.759262851,23208.16070047178,-2681230.376834343,-2709806.3156039054,-2649322.533589394,23542.906868562713,2618660.80388558,2588477.328290872,2654452.812334007,24926.569130894502
1000,owner,Envelope + heat pump,5,0,3,3,-844269.1440756533,-849995.4434186743,-839371.3079553948,4428.791189506777,0.0,0.0,0.0,0.0,-1049425.1105890085,-1057365.8165367562,-1034686.9514004964,8786.108923283218,-1160248.0997163695,-1171571.6577526443,-1148062.1512611206,8827.296389957175,1132077.2879860331,1113590.093627063,1155554.0774167145,15078.746802491756
1000,owner,Envelope retrofit,5,0,2,2,-346691.10862975026,-350346.6319028331,-344457.01598570595,2282.330679862775,0.0,0.0,0.0,0.0,-445884.3667687058,-448848.52984031726,-439495.18483769754,3807.079807817842,-490573.75994498545,-495557.9166074514,-480438.1570818012,6171.124981675785,478975.8736806043,469555.87722362607,483543.68793567416,5680.644911328468
1000,owner,Reference: no additional intervention,5,5,1,1,0.0,0.0,0.0,0.0,0.0,0.0,0.0,0.0,0.0,0.0,0.0,0.0,0.0,0.0,0.0,0.0,0.0,0.0,0.0,0.0
1000,tenant,Deep renovation + PV,5,5,1,1,1337604.0129847038,1319200.7474459815,1353157.963427439,13857.233741520035,1.0,1.0,1.0,0.0,784784.6432325793,761356.7383513543,800450.2345005965,14626.265728085717,648369.0729723189,642452.0767999742,656420.9211832106,5664.89458714781,0.0,0.0,0.0,0.0
1000,tenant,Envelope + heat pump,5,5,1,1,756175.6045994957,745600.4061529365,765126.5262324475,7982.222058126842,1.0,1.0,1.0,0.0,436151.2590114302,422547.0086571472,443998.36723873584,8322.71407636485,357002.87777231704,353790.34229554393,361498.3883168458,3180.2193336208215,974233.8283644036,934708.819092932,1005060.0625752431,28308.35277857572
1000,tenant,Envelope retrofit,5,0,3,3,377062.63627205667,371896.98700948554,381426.82234748517,3887.127510590559,1.0,1.0,1.0,0.0,222321.03207124193,215765.64631676333,226502.5278665296,4066.7418435095015,183991.84836218442,182301.3263325634,186267.2506155361,1600.2963871955478,1631902.7826383722,1559641.7760974283,1682932.6596648123,49251.921548179045
1000,tenant,Reference: no additional intervention,5,0,4,4,0.0,0.0,0.0,0.0,0.0,0.0,0.0,0.0,0.0,0.0,0.0,0.0,0.0,0.0,0.0,0.0,2270131.3486817866,2170042.7969339234,2341355.8226629035,68418.9576630042
2500,combined_private,Deep renovation + PV,5,0,4,4,-678277.3518003365,-687559.0247446276,-671495.4556912082,7482.820076142851,0.11743999999999999,0.1136,0.12,0.0026168683574073763,-1376081.2478467363,-1404468.542108155,-1359645.0395301378,20152.93147374224,-1620883.205010378,-1642650.9353978797,-1598393.9661066981,19187.024174752976,1563654.1404210946,1521652.2784145405,1605250.1237012434,29919.416458696214
2500,combined_private,Envelope + heat pump,5,0,3,3,-93266.01817141306,-97296.90430756971,-89134.79751426783,3498.913944864581,0.34504,0.338,0.3528,0.006551946275726015,-471903.22030806076,-486893.35724128695,-460153.64200479747,9931.077026289686,-591215.6958584063,-598374.282354232,-578747.1854170526,8345.38184697229,561920.3172161554,541590.0004733889,573810.982272515,12213.359715089642
2500,combined_private,Envelope retrofit,5,5,1,1,27630.138415195303,26159.628912870445,28628.97675445125,1073.5055099878803,0.5332,0.5248,0.5436,0.006794115100585182,-158996.90320935243,-161826.27806097225,-155300.8739758914,2789.224265077826,-214578.05491786878,-217173.39472261653,-209619.33708644437,2901.435219497171,248108.2154172956,240208.63156169804,253951.01356947178,5067.087879219652
2500,combined_private,Reference: no additional intervention,5,0,2,2,0.0,0.0,0.0,0.0,0.0,0.0,0.0,0.0,0.0,0.0,0.0,0.0,0.0,0.0,0.0,0.0,484420.24166179076,455554.1239979185,500152.70683042845,17628.94147410252
2500,owner,Deep renovation + PV,5,0,3,3,-2006881.4304067525,-2019965.8388849797,-1994456.219887252,10732.620440499233,0.0,0.0,0.0,0.0,-2463671.8453931147,-2483265.5773729263,-2441600.915994149,18301.778019837962,-2667645.7021177066,-2688004.304010615,-2639998.3399280272,18473.920046402916,2610870.975411425,2573109.068577939,2648176.31428355,27135.102272386488
2500,owner,Envelope + heat pump,5,0,3,3,-844208.4650337419,-850443.3538261468,-838688.5715015079,4810.041337638797,0.0,0.0,0.0,0.0,-1047794.9067392133,-1054495.579829358,-1043063.700603425,5944.973102241966,-1151012.4058561204,-1158310.3497682186,-1140259.5361767968,7407.971269431287,1124370.6036236507,1112196.6315599908,1136495.1637316355,9473.89564297769
2500,owner,Envelope retrofit,5,0,2,2,-346914.21891452273,-348765.7776079772,-344561.3036655986,1869.918401671858,0.0,0.0,0.0,0.0,-447301.9146430013,-451860.33802546124,-443777.7944055829,3463.1664575371065,-489619.0467482183,-493655.42037467216,-486750.39274199505,2723.135156610862,478767.6321790529,474700.7285738701,483082.4673323546,4040.076087565412
2500,owner,Reference: no additional intervention,5,5,1,1,0.0,0.0,0.0,0.0,0.0,0.0,0.0,0.0,0.0,0.0,0.0,0.0,0.0,0.0,0.0,0.0,0.0,0.0,0.0,0.0
2500,tenant,Deep renovation + PV,5,5,1,1,1328604.078606416,1322960.764196044,1333173.1938861678,4467.169482505658,1.0,1.0,1.0,0.0,772518.0071159229,763430.1541309908,782660.1225170615,7031.852583107118,646165.9324994836,630408.6217603516,658857.4893506975,11849.444182366415,0.0,0.0,0.0,0.0
2500,tenant,Envelope + heat pump,5,5,1,1,750942.4468623288,747696.9735028967,753547.9519954026,2574.7362809902925,1.0,1.0,1.0,0.0,428092.256028119,423439.3359328615,433998.507002268,4080.192717970854,355760.5411957099,346619.73165137816,363405.68551467976,6989.00850411048,970600.8599093877,960044.3499415905,998735.4730476984,16194.35237115674
2500,tenant,Envelope retrofit,5,0,3,3,374544.35732971807,372960.66168209346,375829.4620892334,1252.923960062542,1.0,1.0,1.0,0.0,218720.09917044747,216055.89120790717,221924.00637627582,2133.015733450721,183375.706998171,178966.20304527535,186896.42215867178,3302.415838923996,1626796.846051326,1609156.4966708228,1674414.8914622082,27583.663643891916
2500,tenant,Reference: no additional intervention,5,0,4,4,0.0,0.0,0.0,0.0,0.0,0.0,0.0,0.0,0.0,0.0,0.0,0.0,0.0,0.0,0.0,0.0,2262908.8560750894,2238555.898580609,2329232.9297782704,38400.827427625154
5000,combined_private,Deep renovation + PV,5,0,4,4,-676543.6263541321,-684446.592646212,-664768.1325460555,8219.51021209177,0.11976,0.1148,0.1238,0.003272308053958243,-1369987.8936029135,-1387492.758982002,-1361792.680696964,10703.399735894342,-1619158.4170627757,-1630034.9930589313,-1606833.1494182663,8450.490353660718,1563154.6690073658,1553012.2714057567,1586719.0095247729,13622.579655057301
5000,combined_private,Envelope + heat pump,5,0,3,3,-93017.13523540234,-98193.0080995426,-86819.35242580104,4308.199096924946,0.34435999999999994,0.3356,0.3512,0.006168306088384397,-468814.6889647478,-477097.2159601697,-463478.01185314247,5580.071062358538,-590610.7055159921,-592604.2565245185,-584602.7636363616,3400.520023599795,562362.626349216,558477.8810177237,571077.745570834,4982.200124207084
5000,combined_private,Envelope retrofit,5,5,1,1,27670.462379362394,25250.410138071322,30843.878244526033,2103.9790585337073,0.53308,0.5236,0.5452,0.007950597461826397,-157181.1832879692,-161404.6771771262,-153233.69823812015,3098.458628415084,-213981.06531959685,-214915.5243702802,-213051.65463282316,675.8478596036817,247622.15456254772,243501.7370050179,250800.47267367807,2867.42869035202
5000,combined_private,Reference: no additional intervention,5,0,2,2,0.0,0.0,0.0,0.0,0.0,0.0,0.0,0.0,0.0,0.0,0.0,0.0,0.0,0.0,0.0,0.0,484476.82434184186,460034.07445988746,496769.46510417544,14188.623001098256
5000,owner,Deep renovation + PV,5,0,3,3,-2005158.0385141983,-2018342.6211223686,-1997486.4043797334,8128.41102580647,0.0,0.0,0.0,0.0,-2460416.680453687,-2479701.2882560235,-2445676.112462183,12701.143118879005,-2665796.3043603925,-2686094.5863129618,-2645394.1368707526,16859.6220916767,2614774.859736605,2585546.1099898596,2651326.3967374987,25147.473277290694
5000,owner,Envelope + heat pump,5,0,3,3,-844001.6846303174,-849790.3801554489,-839846.1148883603,3836.3160017712908,0.0,0.0,0.0,0.0,-1048448.7711880563,-1055088.290987829,-1043754.4445413268,4926.4148086765,-1149142.0137375041,-1158219.0679330362,-1140474.090447308,8612.93636766356,1122569.9307894036,1113592.9686019723,1134829.1445460415,8166.0553667391505
5000,owner,Envelope retrofit,5,0,2,2,-346872.1291103496,-349621.05193828256,-345183.5349245061,1777.7527292953316,0.0,0.0,0.0,0.0,-446794.3224159371,-451319.679861971,-443381.59415034344,3324.866742537736,-489603.343149149,-493278.39788969693,-487359.21533905895,2368.984504232895,479527.1538966154,475734.71943302074,483063.58894028247,2790.032578396659
5000,owner,Reference: no additional intervention,5,5,1,1,0.0,0.0,0.0,0.0,0.0,0.0,0.0,0.0,0.0,0.0,0.0,0.0,0.0,0.0,0.0,0.0,0.0,0.0,0.0,0.0
5000,tenant,Deep renovation + PV,5,5,1,1,1328614.4121600664,1321907.7724136307,1335032.1593046738,6051.136092130225,1.0,1.0,1.0,0.0,768956.1658314425,766375.2034395963,771877.6255995998,2448.8549193994795,642497.942259318,631967.1429900654,646951.8788703129,6095.497272286773,0.0,0.0,0.0,0.0
5000,tenant,Envelope + heat pump,5,5,1,1,750984.5493949151,747131.0273747816,754710.739450556,3509.318627406296,1.0,1.0,1.0,0.0,427049.0891915392,425239.0726208558,429493.34344533604,1772.0423622482786,353754.84684150724,347671.4427196009,356194.19990731357,3515.9965804294784,972825.7219492309,958701.3454187426,988207.094103114,12043.456515072066
5000,tenant,Envelope retrofit,5,0,3,3,374542.59148971195,372660.0447435745,376339.0578886835,1694.3959319262422,1.0,1.0,1.0,0.0,217843.44952217807,217163.17038283753,218760.17039978984,670.2261320242644,182331.94015512668,179382.60223536665,183597.57592564245,1708.1343944715384,1629045.7062314409,1604549.578429628,1656051.2417207423,21294.059999832712
5000,tenant,Reference: no additional intervention,5,0,4,4,0.0,0.0,0.0,0.0,0.0,0.0,0.0,0.0,0.0,0.0,0.0,0.0,0.0,0.0,0.0,0.0,2266290.918877404,2232380.9347686623,2303828.350383799,29550.771611201133
10000,combined_private,Deep renovation + PV,5,0,4,4,-676591.0261547002,-685815.0013713983,-669740.3729641287,6478.486152081559,0.12128000000000001,0.1148,0.1259,0.004023307097401345,-1374050.2493466164,-1391350.7948286007,-1359800.117748886,11758.298722641654,-1621147.14176908,-1629226.7977423056,-1606502.8923527608,9909.619479966754,1562536.4633333958,1548014.1997309176,1577143.082761,13125.830021765085
10000,combined_private,Envelope + heat pump,5,0,3,3,-92982.2619413681,-98535.33218920596,-88946.76997557547,3641.3406352068614,0.34344,0.3365,0.3499,0.005276172855394329,-470157.04989104514,-479675.96590730484,-463752.4159450469,7103.670780914242,-592150.9332940518,-597592.2644005448,-584287.6285101157,4938.360135211231,562581.1501373437,554496.652596444,571378.5126705231,6740.294990562834
10000,combined_private,Envelope retrofit,5,5,1,1,27881.20117186811,25438.06548944825,29789.459171504855,1660.2881982841714,0.5328999999999999,0.5248,0.5383,0.0057240719771854565,-157850.74600458,-162011.48671735486,-153233.69823812015,3243.4614379177074,-214460.27084286348,-216173.33991148268,-212595.25138827093,1536.6952422492454,248684.27021454842,242424.1065578852,252073.43386903094,3806.5900258267066
10000,combined_private,Reference: no additional intervention,5,0,2,2,0.0,0.0,0.0,0.0,0.0,0.0,0.0,0.0,0.0,0.0,0.0,0.0,0.0,0.0,0.0,0.0,487330.56766203186,467504.4961466273,500768.27299009624,12307.167735355668
10000,owner,Deep renovation + PV,5,0,3,3,-2005319.102755764,-2011228.9398632604,-1999791.342808609,4204.725224208016,0.0,0.0,0.0,0.0,-2457876.319901177,-2469477.130506429,-2452868.533126153,6764.912854864575,-2663534.726893176,-2676474.7668404267,-2656177.1791632646,8767.716391279946,2607601.2625281084,2598227.024798075,2622146.52267359,10712.864272757344
10000,owner,Envelope + heat pump,5,0,3,3,-844038.8666795727,-846486.5460597508,-841175.0407291296,1965.2009991730565,0.0,0.0,0.0,0.0,-1047703.3764655746,-1051524.5384905841,-1044867.9380349866,2751.7688388469915,-1148821.7801504422,-1155624.6474137935,-1144422.5514166884,4470.888983445975,1121558.6979504158,1116204.9033054353,1125719.4672820475,3949.7915943808775
10000,owner,Envelope retrofit,5,0,2,2,-346692.4253977734,-348004.8485045993,-345531.91092646477,910.7547770311148,0.0,0.0,0.0,0.0,-445967.40147920453,-448639.89356603706,-444386.74257088784,1590.7911748891559,-489092.3354121523,-490983.60600917455,-487451.0827841102,1499.8565534016534,478442.90318149247,476108.53531143843,480428.5700760451,1897.1824580718292
10000,owner,Reference: no additional intervention,5,5,1,1,0.0,0.0,0.0,0.0,0.0,0.0,0.0,0.0,0.0,0.0,0.0,0.0,0.0,0.0,0.0,0.0,0.0,0.0,0.0,0.0
10000,tenant,Deep renovation + PV,5,5,1,1,1328728.0766010643,1320776.9292363275,1335811.255146869,5511.621379672991,1.0,1.0,1.0,0.0,768166.6630728052,764754.5267437457,772472.1448473763,2965.325203332186,642293.4718712645,639060.9058043862,647902.8142272215,3463.7645452315946,0.0,0.0,0.0,0.0
10000,tenant,Envelope + heat pump,5,5,1,1,751056.6047382047,746442.750189955,755174.4368684479,3202.7130244458676,1.0,1.0,1.0,0.0,426519.1538361297,424742.86608187633,428970.32172722695,1645.434745426404,353639.0158222472,351811.8273143611,356811.6653906729,1955.9041705037548,975173.3078004686,965299.52460462,986910.1126687921,8331.352420408155
10000,tenant,Envelope retrofit,5,0,3,3,374573.62656964146,372347.58776902524,376555.6793271538,1542.4875290805155,1.0,1.0,1.0,0.0,217588.67884391118,216642.88808261583,218749.10458859213,849.8625809483643,182273.2389374612,181363.64755912352,183853.52520113302,976.1426349411958,1633893.4154935172,1615729.9577779335,1652869.5711141408,14496.447846541554
10000,tenant,Reference: no additional intervention,5,0,4,4,0.0,0.0,0.0,0.0,0.0,0.0,0.0,0.0,0.0,0.0,0.0,0.0,0.0,0.0,0.0,0.0,2272688.7217860464,2246976.009437045,2299255.6804198027,20268.59023907725
25000,combined_private,Deep renovation + PV,5,0,4,4,-673513.5304373984,-677221.2539037906,-669478.6833918818,3184.7528206758207,0.122896,0.1202,0.12492,0.002043839524033137,-1375743.2602367734,-1380841.0828389397,-1369486.5717374329,4407.175722213316,-1616302.687418754,-1621487.554116481,-1611564.5616881214,4283.2565848857,1558895.8303813941,1546400.2177348216,1566247.4557695219,7945.609149999182
25000,combined_private,Envelope + heat pump,5,0,3,3,-91138.8156574718,-93359.00917002009,-89065.75596983061,1826.0900552149433,0.34648,0.3422,0.35092,0.00344441577048997,-470674.8004058825,-474669.94256361603,-467290.5780167094,3536.3365120401495,-590114.9437864292,-593128.6483018338,-588412.358334109,1971.2800751815853,562704.3776194606,557274.7124422884,567192.0612474454,3784.263051341789
25000,combined_private,Envelope retrofit,5,5,1,1,28786.515603403375,27761.926914556097,29617.924165285414,775.1210233076218,0.5332720000000001,0.5314,0.5348,0.0013042699107163498,-158220.29481427156,-159431.13322432726,-155777.1167343342,1447.3283201279762,-213902.85514168208,-215326.2920647539,-212405.56137249852,1065.8586611934704,248110.581511252,245122.85075134967,249772.61669462442,1786.8789042183835
25000,combined_private,Reference: no additional intervention,5,0,2,2,0.0,0.0,0.0,0.0,0.0,0.0,0.0,0.0,0.0,0.0,0.0,0.0,0.0,0.0,0.0,0.0,491890.1755170751,478963.0230034229,498619.43128185143,7689.678305577658
25000,owner,Deep renovation + PV,5,0,3,3,-2005290.3672028682,-2006820.6183334491,-2001810.8356246408,2044.709350516055,0.0,0.0,0.0,0.0,-2457303.2317667706,-2462246.2032763516,-2453617.4647005033,3134.7458356968177,-2661079.757009557,-2667320.2394690807,-2654763.81880872,4546.5778235601365,2607043.1441320227,2600780.596139901,2619378.9698588364,7400.768155546037
25000,owner,Envelope + heat pump,5,0,3,3,-843960.4319630109,-844742.4835032269,-842200.3034790708,1024.2086115943318,0.0,0.0,0.0,0.0,-1047881.8619724087,-1049375.0831659073,-1046679.0836080209,1027.93964670957,-1146698.665226421,-1148899.1471779605,-1143134.6523692852,2274.7101734739363,1119831.7654031352,1116145.276073329,1123535.4569941398,2895.2161213519385
25000,owner,Envelope retrofit,5,0,2,2,-346641.18566104874,-347112.4885653327,-345966.44630321104,455.93032616401416,0.0,0.0,0.0,0.0,-446282.6908477334,-447382.36722674314,-445361.5867061336,826.758672278137,-488501.7383038042,-489467.21070740814,-487925.1202089861,575.3537878011878,477854.3789950338,477251.2714886834,479073.8678814103,813.9886505480702
25000,owner,Reference: no additional intervention,5,5,1,1,0.0,0.0,0.0,0.0,0.0,0.0,0.0,0.0,0.0,0.0,0.0,0.0,0.0,0.0,0.0,0.0,0.0,0.0,0.0,0.0
25000,tenant,Deep renovation + PV,5,5,1,1,1331776.83676547,1328539.9487346497,1335172.9827162987,2826.8881185970113,1.0,1.0,1.0,0.0,767874.8658623022,765194.7276783859,769386.7727171956,1609.6729122338609,642797.7120113347,640483.3004854732,645506.8169264579,2379.722347736121,0.0,0.0,0.0,0.0
25000,tenant,Envelope + heat pump,5,5,1,1,752821.6163055389,750919.003667777,754790.0466975187,1644.84320304826,1.0,1.0,1.0,0.0,426442.9624507213,424786.79892504355,427200.71123050054,1078.634095477677,353884.4026627404,352563.4665782577,355438.44201089133,1379.7148457058297,976992.0484689407,971712.8649907595,979836.4362525963,3120.203373124423
25000,tenant,Envelope retrofit,5,0,3,3,375427.7012644521,374524.62649709795,376378.79429320036,790.8670807209758,1.0,1.0,1.0,0.0,217431.11423229502,216645.6233355232,217908.37758760937,487.7544891184603,182420.6976437271,181771.0859394509,183181.69537599196,666.3239940613723,1637492.182654103,1628857.7343576513,1642997.2644067407,5271.735704551815
25000,tenant,Reference: no additional intervention,5,0,4,4,0.0,0.0,0.0,0.0,0.0,0.0,0.0,0.0,0.0,0.0,0.0,0.0,0.0,0.0,0.0,0.0,2277819.0483910954,2266434.401954429,2285524.0237427657,7034.083576742589
