perspective,scenario,parameter,parameter_p10,parameter_p90,central_net_benefit_eur,at_parameter_p10_eur,at_parameter_p90_eur,signed_change_eur,absolute_span_eur
owner,Deep renovation + PV,discount_rate,0.0276355519473292,0.04996265222544611,-1929702.2931104987,-2003747.4503642228,-1852615.840470112,151131.60989411082,151131.60989411082
tenant,Deep renovation + PV,discount_rate,0.0276355519473292,0.04996265222544611,1245090.5540218945,1440432.4650157585,1052898.0847528088,-387534.38026294974,387534.38026294974
combined_private,Deep renovation + PV,discount_rate,0.0276355519473292,0.04996265222544611,-684611.7390886042,-563314.985348464,-799717.755717303,-236402.77036883903,236402.77036883903
owner,Envelope + heat pump,discount_rate,0.0276355519473292,0.04996265222544611,-795830.2996757394,-806407.0367550573,-780800.8728412412,25606.163913816097,25606.163913816097
tenant,Envelope + heat pump,discount_rate,0.0276355519473292,0.04996265222544611,702740.7128515099,813146.8093409343,594130.394111417,-219016.41522951727,219016.41522951727
combined_private,Envelope + heat pump,discount_rate,0.0276355519473292,0.04996265222544611,-93089.58682422951,6739.772585876868,-186670.47872982413,-193410.251315701,193410.251315701
owner,Envelope retrofit,discount_rate,0.0276355519473292,0.04996265222544611,-305990.7127141748,-294321.0740464159,-315699.65916704666,-21378.58512063074,21378.58512063074
tenant,Envelope retrofit,discount_rate,0.0276355519473292,0.04996265222544611,351130.1046075742,406199.0283164392,296947.0114785558,-109252.01683788339,109252.01683788339
combined_private,Envelope retrofit,discount_rate,0.0276355519473292,0.04996265222544611,45139.39189339934,111877.95427002323,-18752.64768849081,-130630.60195851405,130630.60195851405
owner,Deep renovation + PV,energy_price_eur_kwh,0.22105463754965238,0.3508550534674983,-1929702.2931104987,-1929702.2931104987,-1929702.2931104987,0.0,0.0
tenant,Deep renovation + PV,energy_price_eur_kwh,0.22105463754965238,0.3508550534674983,1245090.5540218945,916906.6308989364,1657531.3175227677,740624.6866238313,740624.6866238313
combined_private,Deep renovation + PV,energy_price_eur_kwh,0.22105463754965238,0.3508550534674983,-684611.7390886042,-1012795.6622115623,-272170.97558773105,740624.6866238313,740624.6866238313
owner,Envelope + heat pump,energy_price_eur_kwh,0.22105463754965238,0.3508550534674983,-795830.2996757394,-795830.2996757394,-795830.2996757394,0.0,0.0
tenant,Envelope + heat pump,energy_price_eur_kwh,0.22105463754965238,0.3508550534674983,702740.7128515099,512394.0374401944,941956.3556820159,429562.3182418215,429562.3182418215
combined_private,Envelope + heat pump,energy_price_eur_kwh,0.22105463754965238,0.3508550534674983,-93089.58682422951,-283436.26223554503,146126.05600627657,429562.3182418216,429562.3182418216
owner,Envelope retrofit,energy_price_eur_kwh,0.22105463754965238,0.3508550534674983,-305990.7127141748,-305990.7127141748,-305990.7127141748,0.0,0.0
tenant,Envelope retrofit,energy_price_eur_kwh,0.22105463754965238,0.3508550534674983,351130.1046075742,259238.6061331461,466613.5183878184,207374.91225467232,207374.91225467232
combined_private,Envelope retrofit,energy_price_eur_kwh,0.22105463754965238,0.3508550534674983,45139.39189339934,-46752.10658102874,160622.80567364366,207374.91225467238,207374.91225467238
owner,Deep renovation + PV,energy_price_growth,0.0074806522335441605,0.04360458688983879,-1929702.2931104987,-1929702.2931104987,-1929702.2931104987,0.0,0.0
tenant,Deep renovation + PV,energy_price_growth,0.0074806522335441605,0.04360458688983879,1245090.5540218945,945348.8637265072,1739130.7332662204,793781.8695397133,793781.8695397133
combined_private,Deep renovation + PV,energy_price_growth,0.0074806522335441605,0.04360458688983879,-684611.7390886042,-984353.4293839915,-190571.55984427856,793781.869539713,793781.869539713
owner,Envelope + heat pump,energy_price_growth,0.0074806522335441605,0.04360458688983879,-795830.2996757394,-795830.2996757394,-795830.2996757394,0.0,0.0
tenant,Envelope + heat pump,energy_price_growth,0.0074806522335441605,0.04360458688983879,702740.7128515099,528890.5324801855,989284.0168132188,460393.4843330333,460393.4843330333
combined_private,Envelope + heat pump,energy_price_growth,0.0074806522335441605,0.04360458688983879,-93089.58682422951,-266939.7671955539,193453.7171374795,460393.48433303344,460393.48433303344
owner,Envelope retrofit,energy_price_growth,0.0074806522335441605,0.04360458688983879,-305990.7127141748,-305990.7127141748,-305990.7127141748,0.0,0.0
tenant,Envelope retrofit,energy_price_growth,0.0074806522335441605,0.04360458688983879,351130.1046075742,267202.43132486584,489461.35479598545,222258.9234711196,222258.9234711196
combined_private,Envelope retrofit,energy_price_growth,0.0074806522335441605,0.04360458688983879,45139.39189339934,-38788.28138930899,183470.64208181069,222258.92347111966,222258.92347111966
owner,Deep renovation + PV,rent_growth,0.007150521872382127,0.026684486743599037,-1929702.2931104987,-1966985.555047594,-1879899.1639668173,87086.3910807767,87086.3910807767
tenant,Deep renovation + PV,rent_growth,0.007150521872382127,0.026684486743599037,1245090.5540218945,1282373.8159589898,1195287.424878213,-87086.3910807767,87086.3910807767
combined_private,Deep renovation + PV,rent_growth,0.007150521872382127,0.026684486743599037,-684611.7390886042,-684611.7390886042,-684611.7390886042,0.0,0.0
owner,Envelope + heat pump,rent_growth,0.007150521872382127,0.026684486743599037,-795830.2996757394,-819556.0118175272,-764137.3993115785,55418.61250594875,55418.61250594875
tenant,Envelope + heat pump,rent_growth,0.007150521872382127,0.026684486743599037,702740.7128515099,726466.4249932978,671047.8124873489,-55418.61250594887,55418.61250594887
combined_private,Envelope + heat pump,rent_growth,0.007150521872382127,0.026684486743599037,-93089.58682422951,-93089.58682422951,-93089.58682422951,0.0,0.0
owner,Envelope retrofit,rent_growth,0.007150521872382127,0.026684486743599037,-305990.7127141748,-316158.8750606554,-292408.0411295344,23750.833931120986,23750.833931120986
tenant,Envelope retrofit,rent_growth,0.007150521872382127,0.026684486743599037,351130.1046075742,361298.2669540547,337547.4330229338,-23750.833931120927,23750.833931120927
combined_private,Envelope retrofit,rent_growth,0.007150521872382127,0.026684486743599037,45139.39189339934,45139.39189339934,45139.39189339934,0.0,0.0
owner,Deep renovation + PV,grant_share,0.09764479983195103,0.3046689746545505,-1929702.2931104987,-2123583.7777812304,-1731840.4095348474,391743.36824638303,391743.36824638303
tenant,Deep renovation + PV,grant_share,0.09764479983195103,0.3046689746545505,1245090.5540218945,1245090.5540218945,1245090.5540218945,0.0,0.0
combined_private,Deep renovation + PV,grant_share,0.09764479983195103,0.3046689746545505,-684611.7390886042,-878493.2237593357,-486749.85551295296,391743.36824638274,391743.36824638274
owner,Envelope + heat pump,grant_share,0.09764479983195103,0.3046689746545505,-795830.2996757394,-881999.8484182868,-707891.6847532277,174108.16366505902,174108.16366505902
tenant,Envelope + heat pump,grant_share,0.09764479983195103,0.3046689746545505,702740.7128515099,702740.7128515099,702740.7128515099,0.0,0.0
combined_private,Envelope + heat pump,grant_share,0.09764479983195103,0.3046689746545505,-93089.58682422951,-179259.1355667769,-5150.971901717887,174108.16366505902,174108.16366505902
owner,Envelope retrofit,grant_share,0.09764479983195103,0.3046689746545505,-305990.7127141748,-349075.4870854485,-262021.405252919,87054.08183252951,87054.08183252951
tenant,Envelope retrofit,grant_share,0.09764479983195103,0.3046689746545505,351130.1046075742,351130.1046075742,351130.1046075742,0.0,0.0
combined_private,Envelope retrofit,grant_share,0.09764479983195103,0.3046689746545505,45139.39189339934,2054.6175221256417,89108.69935465515,87054.08183252951,87054.08183252951
owner,Deep renovation + PV,capex_factor,0.898193403312825,1.2248738137666229,-1929702.2931104987,-1614107.9803444126,-2287682.955309717,-673574.9749653044,673574.9749653044
tenant,Deep renovation + PV,capex_factor,0.898193403312825,1.2248738137666229,1245090.5540218945,1245090.5540218945,1245090.5540218945,0.0,0.0
combined_private,Deep renovation + PV,capex_factor,0.898193403312825,1.2248738137666229,-684611.7390886042,-369017.4263225182,-1042592.4012878225,-673574.9749653044,673574.9749653044
owner,Envelope + heat pump,capex_factor,0.898193403312825,1.2248738137666229,-795830.2996757394,-655624.605211248,-954866.5221874574,-299241.9169762094,299241.9169762094
tenant,Envelope + heat pump,capex_factor,0.898193403312825,1.2248738137666229,702740.7128515099,702740.7128515099,702740.7128515099,0.0,0.0
combined_private,Envelope + heat pump,capex_factor,0.898193403312825,1.2248738137666229,-93089.58682422951,47116.10764026188,-252125.8093359475,-299241.9169762094,299241.9169762094
owner,Envelope retrofit,capex_factor,0.898193403312825,1.2248738137666229,-305990.7127141748,-250721.65712341233,-368682.7585438192,-117961.10142040686,117961.10142040686
tenant,Envelope retrofit,capex_factor,0.898193403312825,1.2248738137666229,351130.1046075742,351130.1046075742,351130.1046075742,0.0,0.0
combined_private,Envelope retrofit,capex_factor,0.898193403312825,1.2248738137666229,45139.39189339934,100408.44748416182,-17552.65393624507,-117961.10142040689,117961.10142040689
owner,Deep renovation + PV,performance_factor,0.8230968561067454,1.0778015865002488,-1929702.2931104987,-1929702.2931104987,-1929702.2931104987,0.0,0.0
tenant,Deep renovation + PV,performance_factor,0.8230968561067454,1.0778015865002488,1245090.5540218945,1030855.5455333991,1456424.9887160165,425569.4431826174,425569.4431826174
combined_private,Deep renovation + PV,performance_factor,0.8230968561067454,1.0778015865002488,-684611.7390886042,-898846.7475770996,-473277.3043944822,425569.44318261737,425569.44318261737
owner,Envelope + heat pump,performance_factor,0.8230968561067454,1.0778015865002488,-795830.2996757394,-795830.2996757394,-795830.2996757394,0.0,0.0
tenant,Envelope + heat pump,performance_factor,0.8230968561067454,1.0778015865002488,702740.7128515099,578484.4079281827,825314.6849741008,246830.27704591805,246830.27704591805
combined_private,Envelope + heat pump,performance_factor,0.8230968561067454,1.0778015865002488,-93089.58682422951,-217345.89174755669,29484.38529836136,246830.27704591805,246830.27704591805
owner,Envelope retrofit,performance_factor,0.8230968561067454,1.0778015865002488,-305990.7127141748,-305990.7127141748,-305990.7127141748,0.0,0.0
tenant,Envelope retrofit,performance_factor,0.8230968561067454,1.0778015865002488,351130.1046075742,291144.3022307954,410303.7463219283,119159.4440911329,119159.4440911329
combined_private,Envelope retrofit,performance_factor,0.8230968561067454,1.0778015865002488,45139.39189339934,-14846.410483379455,104313.0336077535,119159.44409113296,119159.44409113296
owner,Deep renovation + PV,value_uplift_factor,0.7668360056775794,1.2324376632214666,-1929702.2931104987,-1971438.5752612876,-1888489.86364877,82948.71161251771,82948.71161251771
tenant,Deep renovation + PV,value_uplift_factor,0.7668360056775794,1.2324376632214666,1245090.5540218945,1245090.5540218945,1245090.5540218945,0.0,0.0
combined_private,Deep renovation + PV,value_uplift_factor,0.7668360056775794,1.2324376632214666,-684611.7390886042,-726348.0212393932,-643399.3096268752,82948.71161251795,82948.71161251795
owner,Envelope + heat pump,value_uplift_factor,0.7668360056775794,1.2324376632214666,-795830.2996757394,-823654.4877762652,-768355.3467012534,55299.14107501181,55299.14107501181
tenant,Envelope + heat pump,value_uplift_factor,0.7668360056775794,1.2324376632214666,702740.7128515099,702740.7128515099,702740.7128515099,0.0,0.0
combined_private,Envelope + heat pump,value_uplift_factor,0.7668360056775794,1.2324376632214666,-93089.58682422951,-120913.77492475539,-65614.63384974346,55299.141075011925,55299.141075011925
owner,Envelope retrofit,value_uplift_factor,0.7668360056775794,1.2324376632214666,-305990.7127141748,-319902.8067644378,-292253.2362269318,27649.57053750602,27649.57053750602
tenant,Envelope retrofit,value_uplift_factor,0.7668360056775794,1.2324376632214666,351130.1046075742,351130.1046075742,351130.1046075742,0.0,0.0
combined_private,Envelope retrofit,value_uplift_factor,0.7668360056775794,1.2324376632214666,45139.39189339934,31227.297843136403,58876.86838064231,27649.570537505904,27649.570537505904
